site,dfAI,dfw,order.dfw,order.dfAI,area,salinity,shoot density,epiphytesCC,2.2,2.2,2,1,0.25,15.8,,0.08BI,5,5,3,2,0.4,15.7,,0.67CB,5.8,5.8,4,3,0.5,16.36666667,5,0.14NB,10,1,1,4,2.7,15.66666667,8,0.36RP,15.4,5.4,5,5,0.72,21.1,7.9,0.18EI,19,9,6,6,0.25,21.5,,0.14BE,19.4,9.4,7,7,0.1,23.5,,0.18WI,20.6,10.6,8,8,0.26,20.96666667,7.9,0.3DC,24.4,14.4,9,9,2.3,24.86666667,12.5,0.28